{"centers": [[28.813378321884468, 30.93744484436606], [-29.710357462736006, -29.13366146536034]], "1": 0.5, "2": 0.5}