{"newcenters": [[30.41669115662244, 30.699277738873718], [-29.985502040870497, -30.54963975107335]], "oldcenters": [[30.532533386050204, 30.52631393273908], [-29.728800163133833, -30.344982236778083], [-30.734762195024548, -30.235590948153227], [30.197298655588245, 30.417848198168766], [31.473296199100194, 30.55847974198703], [-30.016460951077416, -30.050345889557413], [29.46369147698441, 31.294613147114408], [-29.4619386988308, -31.567939658551566]]}