{"newcenters": [[-29.895283302973475, -30.68773481219491], [30.059882850574912, 30.998505132560084]], "oldcenters": [[31.12600169551511, 30.575138025774592], [-29.075774664197347, -29.881455952041165], [-30.704692344661442, -29.7618234729549], [29.684073462385378, 28.817839810455464], [-30.219742551575962, -30.332952506313678], [31.47213722766965, 32.547119997264815], [27.955610058163707, 32.054162123604335], [-29.580689622388665, -32.77654621642686]]}