{"newcenters": [[30.51226804214483, 30.411361132093834], [-30.27609915003678, -30.38063458718849]], "oldcenters": [[30.546493124685817, 30.614038923586506], [-29.786645599040217, -30.806515591359272], [-30.508324777532614, -29.48489100996945], [30.32887619858598, 30.445754431835493], [30.808081554317205, 30.12198819755726], [-30.359394653914787, -30.731607299637847], [-30.450033373647933, -30.49940933131712], [30.365635497610572, 30.463654734028417]]}