{"newcenters": [[-30.858460008778724, -30.626533061596984], [30.353159495744514, 28.641133233439973]], "oldcenters": [[29.38406985101897, 30.74189196835587], [-31.082229461476537, -29.98958695136242], [-30.634747559242445, -31.263571898565374], [31.322268143512566, 26.54033500656953]]}