{"newcenters": [[-30.028739620489876, -29.909057097671845], [30.99875079626389, 29.46097604052505]], "oldcenters": [[-30.496855663923533, -29.737590078241375], [30.698099018115606, 29.832213663172013], [31.299397394258083, 29.089745138601625], [-29.5606265528255, -30.080523452985332]]}