{"newcenters": [[32.021821144595485, 28.769139454321433], [-30.485359028446968, -30.358555759895015]], "oldcenters": [[-31.41068919792793, -32.00261795010022], [32.650572811553566, 30.835665338942697], [-29.56005493273844, -28.714498535379274], [31.39307098293815, 26.702550741316557]]}