{"newcenters": [[-30.098830793850045, -29.738981278662852], [31.81955117226192, 29.10626253448668]], "oldcenters": [[-30.649236945227347, -32.99759979953296], [33.40471549799182, 31.562183273206497], [-29.548471473102904, -26.479791360410466], [30.23437233623851, 26.650151500234543]]}