{"newcenters": [[-30.189190798165015, -29.710444264414665], [31.344177076205895, 29.03362120726737]], "oldcenters": [[-30.13548400337903, -30.375313184793328], [30.964650156002108, 29.945641822135403], [31.723461211727194, 28.12275388443401], [-30.24301567463456, -29.046610388064032]]}