{"newcenters": [[-30.08911498238005, -30.651831845125624], [29.780889904206955, 30.554634683402117]], "oldcenters": [[-29.237658729901845, -30.470509788243707], [30.962675258227286, 29.785701223387875], [-30.34546236861999, -29.48014747774778], [29.16470740961133, 30.210187755422364], [-30.87326387920996, -30.48908666962434], [30.962989372052174, 30.931400465136274], [28.03420241728848, 31.291669624579814], [-29.90039097909982, -32.16926898246736]]}