{"centers": [[-30.45635217722041, -30.322508836838463], [30.617706955181433, 30.36547920610626]], "1": 1, "2": 1, "3": 1}