{"oldModel": [[30.767460090212353, 30.43698006519928], [-31.10334081226227, -30.40548137936898]], "mergedModel": [[-30.516617613276917, -30.04894775923265], [31.187834551539776, 30.20875357443534]], "updatedPoint": [[-30.663298413023256, -30.138081164266733], [31.08274093620792, 30.265810197126324]]}