{"oldModel": [[-31.37437679526282, -30.81999374612304], [31.273183487466746, 30.624697839616267]], "mergedModel": [[31.530389642240216, 30.50080889103899], [-30.413754529685114, -30.15949897229354]], "updatedPoint": [[31.466088103546852, 30.53178112818331], [-30.65391009607954, -30.324622665750915]]}