{"oldModel": [[29.57473924228894, 30.951444007903344], [-30.678001409020762, -30.521523372413366]], "mergedModel": [[30.481016477232615, 31.159235757684158], [-30.26545209122285, -29.34983900669392]], "updatedPoint": [[30.02787785976078, 31.055339882793753], [-30.471726750121807, -29.93568118955364]]}