{"oldModel": [[-30.9783625370557, -30.09311574696743], [30.935740229750795, 30.731161342161524]], "mergedModel": [[-30.640468040671657, -30.522997018435266], [30.643165182773103, 30.60384122035883]], "updatedPoint": [[-30.640468040671657, -30.522997018435266], [30.643165182773103, 30.60384122035883]]}