{"oldModel": [[29.86480244389028, 29.204267706912212], [-31.762200286948282, -28.436657299108116]], "mergedModel": [[30.118414213755464, 30.391617306921148], [-32.84688482328239, -29.091892088838144]], "updatedPoint": [[29.99160832882287, 29.79794250691668], [-32.30454255511533, -28.764274693973128]]}