{"oldModel": [[-31.33647946187746, -30.57687175725594], [31.34548514695186, 30.625852920847016]], "mergedModel": [[31.509883197224376, 30.526086573120477], [-30.487634105119014, -29.896213877348877]], "updatedPoint": [[31.468783684656245, 30.551028160052113], [-30.699845444308625, -30.066378347325642]]}