{"oldModel": [[30.789623752678363, 30.492451003312254], [-30.77434932426918, -30.22828369294176]], "mergedModel": [[-30.45635217722041, -30.322508836838463], [30.617706955181433, 30.36547920610626]], "updatedPoint": [[-30.45635217722041, -30.322508836838463], [30.617706955181433, 30.36547920610626]]}