{"oldModel": [[30.909672233076755, 30.155164648150578], [-31.161422568665987, -30.489658119644176]], "mergedModel": [[-30.52410529513945, -29.957043900307838], [31.41917386627258, 31.10973001535622]], "updatedPoint": [[-30.683434613521083, -30.090197455141922], [31.29179845797362, 30.87108867355481]]}