{"oldModel": [[-30.81251127631261, -30.130651230425567], [30.764797440498683, 30.534309283340626]], "mergedModel": [[-32.04608069426128, -30.743470830982396], [31.114497131021924, 31.005106926681073]], "updatedPoint": [[-31.73768833977411, -30.590265930843188], [31.027072208391115, 30.887407515845965]]}