{"oldModel": [[-29.08396516247059, -29.792093435114634], [29.33695908299704, 32.08463306779867]], "mergedModel": [[30.086825071843613, 31.746641794931524], [-29.97884440709923, -29.248116231533498]], "updatedPoint": [[29.89935857463197, 31.83113961314831], [-29.75512459594207, -29.38411053242878]]}