{"oldModel": [[-30.53410145835858, -30.928246427321398], [30.544509819829138, 30.202568878598214]], "mergedModel": [[-30.2653751307949, -30.562867551002157], [30.444915678118626, 30.472837989435348]], "updatedPoint": [[-30.2653751307949, -30.562867551002157], [30.444915678118626, 30.472837989435348]]}