{"oldModel": [[-30.219742551575962, -30.332952506313678], [31.47213722766965, 32.547119997264815]], "mergedModel": [[-29.895283302973475, -30.68773481219491], [30.059882850574912, 30.998505132560084]], "updatedPoint": [[-29.895283302973475, -30.68773481219491], [30.059882850574912, 30.998505132560084]]}