{"centers": [[30.70159005326929, 29.847261156636485], [-30.133817563527074, -30.141435349971765]], "1": 1, "2": 1}