{"centers": [[-30.545057585390637, -30.577938756778224], [30.62236707028354, 30.790828643709798]], "1": 1, "2": 1, "3": 1, "4": 1, "5": 1}