{"oldModel": [[30.467382019892774, 30.530857420598597], [-30.165295901497828, -30.287209628435605]], "mergedModel": [[-30.545057585390637, -30.577938756778224], [30.62236707028354, 30.790828643709798]], "updatedPoint": [[-30.545057585390637, -30.577938756778224], [30.62236707028354, 30.790828643709798]]}