{"oldModel": [[-32.44535402138029, -30.502874488736317], [29.210503765385155, 30.016604545046455]], "mergedModel": [[-30.284307588872736, -30.638585126711195], [29.51545081879761, 30.39302041342366]], "updatedPoint": [[-30.284307588872736, -30.638585126711195], [29.51545081879761, 30.39302041342366]]}