{"oldModel": [[-32.22159524736072, -31.406681734670084], [30.21196194231649, 31.07297376176379]], "mergedModel": [[-30.599913686963962, -30.19634540955823], [29.336781553164176, 30.82828008642994]], "updatedPoint": [[-30.599913686963962, -30.19634540955823], [29.336781553164176, 30.82828008642994]]}