{"oldModel": [[29.46369147698441, 31.294613147114408], [-29.4619386988308, -31.567939658551566]], "mergedModel": [[30.41669115662244, 30.699277738873718], [-29.985502040870497, -30.54963975107335]], "updatedPoint": [[30.41669115662244, 30.699277738873718], [-29.985502040870497, -30.54963975107335]]}