{"oldModel": [[30.911133419999903, 32.19542089207768], [-31.738189696687, -31.948581662719935]], "mergedModel": [[-30.545057585390637, -30.577938756778224], [30.62236707028354, 30.790828643709798]], "updatedPoint": [[-30.545057585390637, -30.577938756778224], [30.62236707028354, 30.790828643709798]]}