{"oldModel": [[28.03420241728848, 31.291669624579814], [-29.90039097909982, -32.16926898246736]], "mergedModel": [[-30.08911498238005, -30.651831845125624], [29.780889904206955, 30.554634683402117]], "updatedPoint": [[-30.08911498238005, -30.651831845125624], [29.780889904206955, 30.554634683402117]]}