{"oldModel": [[-30.450033373647933, -30.49940933131712], [30.365635497610572, 30.463654734028417]], "mergedModel": [[30.51226804214483, 30.411361132093834], [-30.27609915003678, -30.38063458718849]], "updatedPoint": [[30.51226804214483, 30.411361132093834], [-30.27609915003678, -30.38063458718849]]}