{"oldModel": [[-30.47292553088509, -31.152865131206074], [30.4897270391414, 30.838324949134577]], "mergedModel": [[-30.2653751307949, -30.562867551002157], [30.444915678118626, 30.472837989435348]], "updatedPoint": [[-30.2653751307949, -30.562867551002157], [30.444915678118626, 30.472837989435348]]}