{"oldModel": [[-30.311161603065898, -31.345885620817903], [30.12802532235458, 31.08516328087748]], "mergedModel": [[30.53388042376655, 30.62974073274757], [-30.354334461003674, -30.649130400963827]], "updatedPoint": [[30.53388042376655, 30.62974073274757], [-30.354334461003674, -30.649130400963827]]}