{"oldModel": [[27.955610058163707, 32.054162123604335], [-29.580689622388665, -32.77654621642686]], "mergedModel": [[-29.895283302973475, -30.68773481219491], [30.059882850574912, 30.998505132560084]], "updatedPoint": [[-29.895283302973475, -30.68773481219491], [30.059882850574912, 30.998505132560084]]}