{"oldModel": [[32.34106236446147, 30.691431585226], [-27.513377136164554, -29.341505237287922]], "mergedModel": [[-30.284307588872736, -30.638585126711195], [29.51545081879761, 30.39302041342366]], "updatedPoint": [[-30.284307588872736, -30.638585126711195], [29.51545081879761, 30.39302041342366]]}