{"oldModel": [[30.429528992367743, 30.265437498288403], [-30.672699385335367, -29.515344368999678]], "mergedModel": [[31.18929039310725, 29.62319201737176], [-30.08256712425728, -29.703883770296926]], "updatedPoint": [[31.18929039310725, 29.62319201737176], [-30.08256712425728, -29.703883770296926]]}