{"oldModel": [[-29.77371384386565, -30.00945437124206], [30.957180506077428, 29.67421047356646]], "mergedModel": [[-32.04608069426128, -30.743470830982396], [31.114497131021924, 31.005106926681073]], "updatedPoint": [[-30.909897269063464, -30.37646260111223], [31.035838818549678, 30.339658700123767]]}