{"oldModel": [[-30.085841661802295, -29.598158742415457], [30.718239520753762, 29.879537541242353]], "mergedModel": [[30.70485683661951, 29.63469134722542], [-29.976053904147683, -29.992584847813326]], "updatedPoint": [[30.70485683661951, 29.63469134722542], [-29.976053904147683, -29.992584847813326]]}