{"oldModel": [[-29.853010584153928, -28.17845455697507], [31.38761923005589, 31.36710695942413]], "mergedModel": [[30.481016477232615, 31.159235757684158], [-30.26545209122285, -29.34983900669392]], "updatedPoint": [[30.934317853644252, 31.263171358554146], [-30.059231337688388, -28.764146781834494]]}