{"oldModel": [[-30.361826205316667, -30.08678516448863], [30.762487892575685, 30.222890207293734]], "mergedModel": [[-30.45635217722041, -30.322508836838463], [30.617706955181433, 30.36547920610626]], "updatedPoint": [[-30.45635217722041, -30.322508836838463], [30.617706955181433, 30.36547920610626]]}