{"oldModel": [[-29.456061876551253, -29.50103615974685], [31.787848401068647, 30.377078016046912]], "mergedModel": [[31.530389642240216, 30.50080889103899], [-30.413754529685114, -30.15949897229354]], "updatedPoint": [[31.594754331947325, 30.46987617229097], [-30.174331366401645, -29.99488326915687]]}