{"oldModel": [[30.836692812000344, 31.408653676820123], [-30.873722551103512, -28.70414135910293]], "mergedModel": [[30.086825071843613, 31.746641794931524], [-29.97884440709923, -29.248116231533498]], "updatedPoint": [[30.274292006882796, 31.662144765403674], [-30.2025639431003, -29.112122513425856]]}