{"oldModel": [[-29.886807421561784, -29.4244463431201], [31.928690884287704, 32.06432328335311]], "mergedModel": [[-30.52410529513945, -29.957043900307838], [31.41917386627258, 31.10973001535622]], "updatedPoint": [[-30.364780826745033, -29.823894511010902], [31.54655312077636, 31.348378332355445]]}