{"oldModel": [[-29.639712755970596, -29.21629753820074], [31.674309382259196, 30.426332825878337]], "mergedModel": [[31.509883197224376, 30.526086573120477], [-30.487634105119014, -29.896213877348877]], "updatedPoint": [[31.55098974348308, 30.50114813630994], [-30.27565376783191, -29.72623479256184]]}