{"oldModel": [[30.372028025652515, 31.578954894390446], [-33.9315520235431, -29.74711806065005]], "mergedModel": [[30.118414213755464, 30.391617306921148], [-32.84688482328239, -29.091892088838144]], "updatedPoint": [[30.24522111970399, 30.9852861006558], [-33.38921842341274, -29.419505074744094]]}