{"oldModel": [[31.60853147765735, 29.980578105817965], [-29.931129784938545, -29.693212987257645]], "mergedModel": [[-30.516617613276917, -30.04894775923265], [31.187834551539776, 30.20875357443534]], "updatedPoint": [[-30.370245656192324, -29.960014066238898], [31.29300878306917, 30.151709707280997]]}