{"oldModel": [[-28.729963880336857, -28.930260006248545], [31.0411725277186, 30.52868446618934]], "mergedModel": [[-30.599913686963962, -30.19634540955823], [29.336781553164176, 30.82828008642994]], "updatedPoint": [[-30.599913686963962, -30.19634540955823], [29.336781553164176, 30.82828008642994]]}