{"oldModel": [[-30.180408685992457, -30.01868546537445], [30.822969534941567, 29.959501709158587]], "mergedModel": [[-30.640468040671657, -30.522997018435266], [30.643165182773103, 30.60384122035883]], "updatedPoint": [[-30.525453202001856, -30.396919130170062], [30.688116270815218, 30.44275634255877]]}