{"oldModel": [[-30.13548400337903, -30.375313184793328], [30.964650156002108, 29.945641822135403]], "mergedModel": [[-30.189190798165015, -29.710444264414665], [31.344177076205895, 29.03362120726737]], "updatedPoint": [[-30.189190798165015, -29.710444264414665], [31.344177076205895, 29.03362120726737]]}