{"newcenters": [[30.481016477232615, 31.159235757684158], [-30.26545209122285, -29.34983900669392]], "oldcenters": [[-29.853010584153928, -28.17845455697507], [31.38761923005589, 31.36710695942413], [29.57473924228894, 30.951444007903344], [-30.678001409020762, -30.521523372413366]]}