{"newcenters": [[-30.45635217722041, -30.322508836838463], [30.617706955181433, 30.36547920610626]], "oldcenters": [[-30.361826205316667, -30.08678516448863], [30.762487892575685, 30.222890207293734], [30.789623752678363, 30.492451003312254], [-30.77434932426918, -30.22828369294176], [30.301004411776283, 30.38109685965377], [-30.23287921674732, -30.652464882176925]]}