{"newcenters": [[31.530389642240216, 30.50080889103899], [-30.413754529685114, -30.15949897229354]], "oldcenters": [[-29.456061876551253, -29.50103615974685], [31.787848401068647, 30.377078016046912], [-31.37437679526282, -30.81999374612304], [31.273183487466746, 30.624697839616267]]}