{"newcenters": [[30.53388042376655, 30.62974073274757], [-30.354334461003674, -30.649130400963827]], "oldcenters": [[-29.519479199249787, -30.37462878257047], [30.682800454934082, 30.41141757158008], [30.329122648864512, 30.60783816092607], [-31.111203995782404, -29.91933139497358], [30.995770617667915, 30.41461625932673], [-30.47662570484246, -30.957507578780756], [-30.311161603065898, -31.345885620817903], [30.12802532235458, 31.08516328087748]]}