{"newcenters": [[30.086825071843613, 31.746641794931524], [-29.97884440709923, -29.248116231533498]], "oldcenters": [[30.836692812000344, 31.408653676820123], [-30.873722551103512, -28.70414135910293], [-29.08396516247059, -29.792093435114634], [29.33695908299704, 32.08463306779867]]}