{"newcenters": [[-32.04608069426128, -30.743470830982396], [31.114497131021924, 31.005106926681073]], "oldcenters": [[-29.77371384386565, -30.00945437124206], [30.957180506077428, 29.67421047356646], [-30.81251127631261, -30.130651230425567], [30.764797440498683, 30.534309283340626], [-35.56036767339927, -32.093664309480666], [31.622120413684534, 32.80805812702645]]}