{"newcenters": [[-30.52410529513945, -29.957043900307838], [31.41917386627258, 31.10973001535622]], "oldcenters": [[-29.886807421561784, -29.4244463431201], [31.928690884287704, 32.06432328335311], [30.909672233076755, 30.155164648150578], [-31.161422568665987, -30.489658119644176]]}