{"newcenters": [[-30.545057585390637, -30.577938756778224], [30.62236707028354, 30.790828643709798]], "oldcenters": [[-29.930974470463134, -30.52029657694165], [30.670282367382796, 30.582422127683376], [-30.37194890800486, -29.697499713994937], [30.375165555941926, 30.47624949556815], [-30.519883862417707, -30.437192483355304], [30.688051954221404, 30.169958428635336], [30.467382019892774, 30.530857420598597], [-30.165295901497828, -30.287209628435605], [30.911133419999903, 32.19542089207768], [-31.738189696687, -31.948581662719935]]}