{"newcenters": [[30.118414213755464, 30.391617306921148], [-32.84688482328239, -29.091892088838144]], "oldcenters": [[30.372028025652515, 31.578954894390446], [-33.9315520235431, -29.74711806065005], [29.86480244389028, 29.204267706912212], [-31.762200286948282, -28.436657299108116]]}