{"newcenters": [[-30.284307588872736, -30.638585126711195], [29.51545081879761, 30.39302041342366]], "oldcenters": [[32.34106236446147, 30.691431585226], [-27.513377136164554, -29.341505237287922], [27.325666404967887, 31.639909590521746], [-30.26941594542161, -31.177502620280737], [29.191636540753912, 29.227431481297558], [-30.912238703122753, -31.532372578713137], [-32.44535402138029, -30.502874488736317], [29.210503765385155, 30.016604545046455]]}