{"newcenters": [[-30.599913686963962, -30.19634540955823], [29.336781553164176, 30.82828008642994]], "oldcenters": [[-28.729963880336857, -28.930260006248545], [31.0411725277186, 30.52868446618934], [-29.869456841735957, -30.44503092934822], [27.613583645547955, 30.6128318402578], [28.48043382472826, 31.098372695054568], [-31.57796339564263, -30.002959239066833], [-32.22159524736072, -31.406681734670084], [30.21196194231649, 31.07297376176379]]}