{"newcenters": [[-30.516617613276917, -30.04894775923265], [31.187834551539776, 30.20875357443534]], "oldcenters": [[31.60853147765735, 29.980578105817965], [-29.931129784938545, -29.693212987257645], [30.767460090212353, 30.43698006519928], [-31.10334081226227, -30.40548137936898]]}