{"newcenters": [[-30.640468040671657, -30.522997018435266], [30.643165182773103, 30.60384122035883]], "oldcenters": [[-30.180408685992457, -30.01868546537445], [30.822969534941567, 29.959501709158587], [-30.9783625370557, -30.09311574696743], [30.935740229750795, 30.731161342161524], [30.17095602166207, 31.121418910758347], [-30.763335210092944, -31.45893289211159]]}