{"newcenters": [[31.509883197224376, 30.526086573120477], [-30.487634105119014, -29.896213877348877]], "oldcenters": [[-29.639712755970596, -29.21629753820074], [31.674309382259196, 30.426332825878337], [-31.33647946187746, -30.57687175725594], [31.34548514695186, 30.625852920847016]]}