{"newcenters": [[-30.2653751307949, -30.562867551002157], [30.444915678118626, 30.472837989435348]], "oldcenters": [[-29.662919584906234, -30.613749134905774], [30.49507146136878, 30.44289773763442], [30.250357651305865, 30.407568409211756], [-30.391566030161766, -29.55641314018569], [-30.53410145835858, -30.928246427321398], [30.544509819829138, 30.202568878598214], [-30.47292553088509, -31.152865131206074], [30.4897270391414, 30.838324949134577]]}