{"oldModel": [[27.325666404967887, 31.639909590521746], [-30.26941594542161, -31.177502620280737]], "mergedModel": [[-30.284307588872736, -30.638585126711195], [29.51545081879761, 30.39302041342366]], "updatedPoint": [[-30.284307588872736, -30.638585126711195], [29.51545081879761, 30.39302041342366]]}