{"oldModel": [[-30.634747559242445, -31.263571898565374], [31.322268143512566, 26.54033500656953]], "mergedModel": [[-30.858460008778724, -30.626533061596984], [30.353159495744514, 28.641133233439973]], "updatedPoint": [[-30.802531896394655, -30.78579277083908], [30.595436657686527, 28.115933676722364]]}