{"oldModel": [[31.723461211727194, 28.12275388443401], [-30.24301567463456, -29.046610388064032]], "mergedModel": [[-30.189190798165015, -29.710444264414665], [31.344177076205895, 29.03362120726737]], "updatedPoint": [[-30.189190798165015, -29.710444264414665], [31.344177076205895, 29.03362120726737]]}