{"oldModel": [[-30.704692344661442, -29.7618234729549], [29.684073462385378, 28.817839810455464]], "mergedModel": [[-29.895283302973475, -30.68773481219491], [30.059882850574912, 30.998505132560084]], "updatedPoint": [[-29.895283302973475, -30.68773481219491], [30.059882850574912, 30.998505132560084]]}