{"oldModel": [[-30.34546236861999, -29.48014747774778], [29.16470740961133, 30.210187755422364]], "mergedModel": [[-30.08911498238005, -30.651831845125624], [29.780889904206955, 30.554634683402117]], "updatedPoint": [[-30.08911498238005, -30.651831845125624], [29.780889904206955, 30.554634683402117]]}