{"oldModel": [[30.250357651305865, 30.407568409211756], [-30.391566030161766, -29.55641314018569]], "mergedModel": [[-30.2653751307949, -30.562867551002157], [30.444915678118626, 30.472837989435348]], "updatedPoint": [[-30.2653751307949, -30.562867551002157], [30.444915678118626, 30.472837989435348]]}