{"oldModel": [[-30.048531406078272, -29.07268750424468], [32.08174374983974, 29.65903284127811]], "mergedModel": [[31.593020587989496, 29.90205525490642], [-30.343523256542845, -29.625981430830272]], "updatedPoint": [[31.593020587989496, 29.90205525490642], [-30.343523256542845, -29.625981430830272]]}