{"oldModel": [[-29.519479199249787, -30.37462878257047], [30.682800454934082, 30.41141757158008]], "mergedModel": [[30.53388042376655, 30.62974073274757], [-30.354334461003674, -30.649130400963827]], "updatedPoint": [[30.53388042376655, 30.62974073274757], [-30.354334461003674, -30.649130400963827]]}