{"oldModel": [[-30.297072215936826, -29.776312867965714], [30.561672374814016, 29.74036192582835]], "mergedModel": [[30.70159005326929, 29.847261156636485], [-30.133817563527074, -30.141435349971765]], "updatedPoint": [[30.70159005326929, 29.847261156636485], [-30.133817563527074, -30.141435349971765]]}