{"oldModel": [[-30.649236945227347, -32.99759979953296], [33.40471549799182, 31.562183273206497]], "mergedModel": [[-30.098830793850045, -29.738981278662852], [31.81955117226192, 29.10626253448668]], "updatedPoint": [[-30.374033869538696, -31.368290539097906], [32.61213333512687, 30.334222903846587]]}