{"oldModel": [[-31.41068919792793, -32.00261795010022], [32.650572811553566, 30.835665338942697]], "mergedModel": [[32.021821144595485, 28.769139454321433], [-30.485359028446968, -30.358555759895015]], "updatedPoint": [[32.336196978074526, 29.802402396632065], [-30.94802411318745, -31.18058685499762]]}