{"oldModel": [[30.532533386050204, 30.52631393273908], [-29.728800163133833, -30.344982236778083]], "mergedModel": [[30.41669115662244, 30.699277738873718], [-29.985502040870497, -30.54963975107335]], "updatedPoint": [[30.41669115662244, 30.699277738873718], [-29.985502040870497, -30.54963975107335]]}