{"oldModel": [[-30.638520745321976, -30.179285747865435], [31.10429792185141, 30.145077940929237]], "mergedModel": [[31.593020587989496, 29.90205525490642], [-30.343523256542845, -29.625981430830272]], "updatedPoint": [[31.593020587989496, 29.90205525490642], [-30.343523256542845, -29.625981430830272]]}