{"oldModel": [[29.38406985101897, 30.74189196835587], [-31.082229461476537, -29.98958695136242]], "mergedModel": [[-30.858460008778724, -30.626533061596984], [30.353159495744514, 28.641133233439973]], "updatedPoint": [[-30.91440237195318, -30.46729653403834], [30.11088708456313, 29.166322917168948]]}