{"oldModel": [[-29.662919584906234, -30.613749134905774], [30.49507146136878, 30.44289773763442]], "mergedModel": [[-30.2653751307949, -30.562867551002157], [30.444915678118626, 30.472837989435348]], "updatedPoint": [[-30.2653751307949, -30.562867551002157], [30.444915678118626, 30.472837989435348]]}