{"oldModel": [[-29.930974470463134, -30.52029657694165], [30.670282367382796, 30.582422127683376]], "mergedModel": [[-30.545057585390637, -30.577938756778224], [30.62236707028354, 30.790828643709798]], "updatedPoint": [[-30.545057585390637, -30.577938756778224], [30.62236707028354, 30.790828643709798]]}