{"oldModel": [[30.546493124685817, 30.614038923586506], [-29.786645599040217, -30.806515591359272]], "mergedModel": [[30.51226804214483, 30.411361132093834], [-30.27609915003678, -30.38063458718849]], "updatedPoint": [[30.51226804214483, 30.411361132093834], [-30.27609915003678, -30.38063458718849]]}