{"oldModel": [[-29.237658729901845, -30.470509788243707], [30.962675258227286, 29.785701223387875]], "mergedModel": [[-30.08911498238005, -30.651831845125624], [29.780889904206955, 30.554634683402117]], "updatedPoint": [[-30.08911498238005, -30.651831845125624], [29.780889904206955, 30.554634683402117]]}