{"oldModel": [[31.12600169551511, 30.575138025774592], [-29.075774664197347, -29.881455952041165]], "mergedModel": [[-29.895283302973475, -30.68773481219491], [30.059882850574912, 30.998505132560084]], "updatedPoint": [[-29.895283302973475, -30.68773481219491], [30.059882850574912, 30.998505132560084]]}