{"oldModel": [[29.191636540753912, 29.227431481297558], [-30.912238703122753, -31.532372578713137]], "mergedModel": [[-30.284307588872736, -30.638585126711195], [29.51545081879761, 30.39302041342366]], "updatedPoint": [[-30.284307588872736, -30.638585126711195], [29.51545081879761, 30.39302041342366]]}