{"oldModel": [[30.808081554317205, 30.12198819755726], [-30.359394653914787, -30.731607299637847]], "mergedModel": [[30.51226804214483, 30.411361132093834], [-30.27609915003678, -30.38063458718849]], "updatedPoint": [[30.51226804214483, 30.411361132093834], [-30.27609915003678, -30.38063458718849]]}