{"oldModel": [[30.995770617667915, 30.41461625932673], [-30.47662570484246, -30.957507578780756]], "mergedModel": [[30.53388042376655, 30.62974073274757], [-30.354334461003674, -30.649130400963827]], "updatedPoint": [[30.53388042376655, 30.62974073274757], [-30.354334461003674, -30.649130400963827]]}