{"oldModel": [[-30.87326387920996, -30.48908666962434], [30.962989372052174, 30.931400465136274]], "mergedModel": [[-30.08911498238005, -30.651831845125624], [29.780889904206955, 30.554634683402117]], "updatedPoint": [[-30.08911498238005, -30.651831845125624], [29.780889904206955, 30.554634683402117]]}