{"oldModel": [[-30.519883862417707, -30.437192483355304], [30.688051954221404, 30.169958428635336]], "mergedModel": [[-30.545057585390637, -30.577938756778224], [30.62236707028354, 30.790828643709798]], "updatedPoint": [[-30.545057585390637, -30.577938756778224], [30.62236707028354, 30.790828643709798]]}