{"oldModel": [[28.48043382472826, 31.098372695054568], [-31.57796339564263, -30.002959239066833]], "mergedModel": [[-30.599913686963962, -30.19634540955823], [29.336781553164176, 30.82828008642994]], "updatedPoint": [[-30.599913686963962, -30.19634540955823], [29.336781553164176, 30.82828008642994]]}