{"oldModel": [[31.473296199100194, 30.55847974198703], [-30.016460951077416, -30.050345889557413]], "mergedModel": [[30.41669115662244, 30.699277738873718], [-29.985502040870497, -30.54963975107335]], "updatedPoint": [[30.41669115662244, 30.699277738873718], [-29.985502040870497, -30.54963975107335]]}