{"oldModel": [[-29.548471473102904, -26.479791360410466], [30.23437233623851, 26.650151500234543]], "mergedModel": [[-30.098830793850045, -29.738981278662852], [31.81955117226192, 29.10626253448668]], "updatedPoint": [[-29.823651133476474, -28.10938631953666], [31.026961754250216, 27.878207017360612]]}