{"oldModel": [[-29.97056212946864, -30.5065595877121], [30.841508292453543, 29.954160829093183]], "mergedModel": [[30.70159005326929, 29.847261156636485], [-30.133817563527074, -30.141435349971765]], "updatedPoint": [[30.70159005326929, 29.847261156636485], [-30.133817563527074, -30.141435349971765]]}