{"oldModel": [[-30.508324777532614, -29.48489100996945], [30.32887619858598, 30.445754431835493]], "mergedModel": [[30.51226804214483, 30.411361132093834], [-30.27609915003678, -30.38063458718849]], "updatedPoint": [[30.51226804214483, 30.411361132093834], [-30.27609915003678, -30.38063458718849]]}