{"oldModel": [[-30.734762195024548, -30.235590948153227], [30.197298655588245, 30.417848198168766]], "mergedModel": [[30.41669115662244, 30.699277738873718], [-29.985502040870497, -30.54963975107335]], "updatedPoint": [[30.41669115662244, 30.699277738873718], [-29.985502040870497, -30.54963975107335]]}