{"oldModel": [[-30.37194890800486, -29.697499713994937], [30.375165555941926, 30.47624949556815]], "mergedModel": [[-30.545057585390637, -30.577938756778224], [30.62236707028354, 30.790828643709798]], "updatedPoint": [[-30.545057585390637, -30.577938756778224], [30.62236707028354, 30.790828643709798]]}