{"oldModel": [[30.691474276675205, 29.389846266720397], [-29.86626520986786, -30.387014357768184]], "mergedModel": [[30.70485683661951, 29.63469134722542], [-29.976053904147683, -29.992584847813326]], "updatedPoint": [[30.70485683661951, 29.63469134722542], [-29.976053904147683, -29.992584847813326]]}