{"oldModel": [[-29.869456841735957, -30.44503092934822], [27.613583645547955, 30.6128318402578]], "mergedModel": [[-30.599913686963962, -30.19634540955823], [29.336781553164176, 30.82828008642994]], "updatedPoint": [[-30.599913686963962, -30.19634540955823], [29.336781553164176, 30.82828008642994]]}