{"oldModel": [[31.949051792117228, 28.98094715684939], [-29.4924372781251, -29.892425320940823]], "mergedModel": [[31.18929039310725, 29.62319201737176], [-30.08256712425728, -29.703883770296926]], "updatedPoint": [[31.18929039310725, 29.62319201737176], [-30.08256712425728, -29.703883770296926]]}