{"oldModel": [[-29.56005493273844, -28.714498535379274], [31.39307098293815, 26.702550741316557]], "mergedModel": [[32.021821144595485, 28.769139454321433], [-30.485359028446968, -30.358555759895015]], "updatedPoint": [[31.707446063766817, 27.735845097818995], [-30.0227069805927, -29.536527147637145]]}