{"oldModel": [[30.329122648864512, 30.60783816092607], [-31.111203995782404, -29.91933139497358]], "mergedModel": [[30.53388042376655, 30.62974073274757], [-30.354334461003674, -30.649130400963827]], "updatedPoint": [[30.53388042376655, 30.62974073274757], [-30.354334461003674, -30.649130400963827]]}