{"centers": [[-0.8332909863671053, -0.36873940686491674], [0.7875919605293229, 0.2183703968882518]], "coefficentsMatrix": [[0.04396148591651255, 0.24096224161234864, 0.8385548800906286, 0.7194198814130767, 0.3761438285763689, 0.8122910258318332, 0.06312886709206342, 0.8297278177660375, 0.9108253733978214, 0.7551465972292024, 0.7062382550652827, 0.8567886869671694, 0.7197701561224448, 0.7685629091720972, 0.3733075373094435, 0.9111582573620495, 0.3597336135955233, 0.5162848526084033, 0.2173494637802932, 0.7209308321705574, 0.0019533634338011366, 0.9393333343202147, 0.9721530165201488, 0.21001247906909898, 0.5758792027174416, 0.1620453774364573, 0.953411371240382, 0.7940460171256873, 0.8389829805472477, 0.409743029101722, 0.39925694313831156], [0.9560385140834874, 0.7590377583876514, 0.16144511990937144, 0.28058011858692333, 0.6238561714236311, 0.18770897416816676, 0.9368711329079367, 0.17027218223396254, 0.0891746266021786, 0.2448534027707976, 0.29376174493471735, 0.14321131303283074, 0.28022984387755523, 0.2314370908279027, 0.6266924626905566, 0.08884174263795046, 0.6402663864044766, 0.4837151473915967, 0.7826505362197068, 0.2790691678294426, 0.998046636566199, 0.06066666567978538, 0.02784698347985106, 0.789987520930901, 0.4241207972825583, 0.8379546225635427, 0.04658862875961804, 0.20595398287431277, 0.16101701945275226, 0.590256970898278, 0.6007430568616884]]}