{"centers": [[0.39268398337369137, -0.42567089715487744], [0.38902448072136225, 0.3654489811744489]], "coefficentsMatrix": [[0.10297876425840902, 0.9917552427286496, 0.09913467429680918, 0.9912723578203602], [0.8970212357415911, 0.008244757271350336, 0.9008653257031908, 0.00872764217963981]]}